{
  "train_runtime": 1230.5789,
  "train_samples_per_second": 8.533,
  "train_steps_per_second": 0.268,
  "total_flos": 1.2176133193728e+16,
  "train_loss": 3.520871775078051,
  "epoch": 5.0
}